createdTime,updatedTime,symbol,category,Position_Direction,avgEntryPrice,avgExitPrice,closedSize,closedPnl,leverage,orderId,execType,orderType,side,qty,cumEntryValue,orderPrice,fillCount,cumExitValue,Strategy,Emotions,Lessons_Learned
2025-05-10 22:55:06.731,2025-05-10 22:55:06.733,FARTCOINUSDT,linear,Long,1.353,1.3541,2.0,-0.00077781,25,56b0469a-5b40-4dfb-96fc-fad64c64e639,Trade,Market,Sell,2,2.706,1.1498,1,2.7082,,,
2025-05-10 22:54:38.516,2025-05-10 22:54:38.518,FARTCOINUSDT,linear,Long,1.3528,1.3527,2.0,-0.00317605,25,9c578fc6-4bdd-4709-9d2a-28b395e2259d,Trade,Market,Sell,2,2.7056,1.1498,1,2.7054,,,
2025-05-10 13:49:05.515,2025-05-10 13:49:05.517,FARTCOINUSDT,linear,Long,1.3425,1.3434,17.0,-0.00981317,20,7f72bdc8-e6f4-4f21-90f9-5b15ffaaafdb,Trade,Market,Sell,17,22.8225,1.1418,1,22.8378,,,
2025-05-10 13:48:50.192,2025-05-10 13:48:50.195,FARTCOINUSDT,linear,Long,1.3441,1.3449,20.0,-0.013579,20,fa5b5b16-61a5-4697-be69-289159326256,Trade,Market,Sell,20,26.882,1.1522,1,26.898,,,
2025-05-10 13:48:35.090,2025-05-10 13:48:35.092,FARTCOINUSDT,linear,Long,1.3431,1.3438,21.0,-0.0163337,20,969f0f69-608f-4009-be10-525fab8193e0,Trade,Market,Sell,21,28.2051,1.1596,1,28.2198,,,
2025-05-10 13:48:23.745,2025-05-10 13:48:23.747,FARTCOINUSDT,linear,Long,1.3435,1.3435,21.0,-0.03103486,20,1abeee9d-bf9b-4528-8650-70a6f0f32664,Trade,Market,Sell,21,28.2135,1.1585,1,28.2135,,,
2025-05-10 13:47:34.319,2025-05-10 13:47:34.321,FARTCOINUSDT,linear,Long,1.3426,1.344,34.0,-0.00263942,20,de785faf-5368-4858-8bca-2f34acccd1ed,Trade,Market,Sell,34,45.6484,1.2289,1,45.696,,,
2025-05-10 13:39:56.704,2025-05-10 13:39:56.706,FARTCOINUSDT,linear,Long,1.342,1.3417,22.0,-0.03907278,20,cf5c9040-456f-4f84-9bde-f9b2f8cca5e3,Trade,Market,Sell,22,29.524,1.1636,3,29.5174,,,
2025-05-10 13:39:43.928,2025-05-10 13:39:43.930,FARTCOINUSDT,linear,Long,1.3432,1.3427,22.0,-0.04349939,20,abfab868-9605-4bbe-897a-1f8ae63f852f,Trade,Market,Sell,22,29.5504,1.1628,1,29.5394,,,
2025-05-10 13:39:17.776,2025-05-10 13:39:17.778,FARTCOINUSDT,linear,Long,1.3416,1.3419,29.0,-0.03410183,20,356aee48-2e97-4425-acc7-fcb4d4ec88c2,Trade,Market,Sell,29,38.9064,1.204,1,38.9151,,,
2025-05-10 13:37:57.607,2025-05-10 13:37:57.609,FARTCOINUSDT,linear,Short,1.3391,1.3388,28.0,-0.03283967,20,f24f16d0-6e4f-412a-83df-c87b731569e3,Trade,Market,Buy,28,37.4948,1.4827,1,37.4864,,,
2025-05-10 13:37:41.624,2025-05-10 13:37:41.626,FARTCOINUSDT,linear,Short,1.3385,1.3385,32.0,-0.0471152,20,38b37caa-08d8-4cd7-85fa-9fa2522d2b54,Trade,Market,Buy,32,42.832,1.4655,1,42.832,,,
2025-05-10 13:37:28.433,2025-05-10 13:37:28.435,FARTCOINUSDT,linear,Short,1.3387,1.3388,33.0,-0.05189663,20,11141ec9-60af-4789-b66d-16167c5d924d,Trade,Market,Buy,33,44.1771,1.4633,1,44.1804,,,
2025-05-10 13:34:54.251,2025-05-10 13:34:54.253,FARTCOINUSDT,linear,Long,1.3423,1.3431,39.0,-0.02640184,20,dd10ac7e-6b27-4f4d-8ff3-daa822207392,Trade,Market,Sell,39,52.3497,1.2363,1,52.3809,,,
2025-05-10 13:25:58.161,2025-05-10 13:25:58.163,FARTCOINUSDT,linear,Long,1.3414,1.3418,23.0,-0.02474248,20,8b4ac2ce-c76d-40a4-8bff-edf44fe75da8,Trade,Market,Sell,23,30.8522,1.1595,1,30.8614,,,
2025-05-10 13:25:43.472,2025-05-10 13:25:43.474,FARTCOINUSDT,linear,Long,1.3417,1.3411,24.0,-0.04981297,20,00d4c937-0868-471a-8008-6288bdd87f5b,Trade,Market,Sell,24,32.2008,1.1654,1,32.1864,,,
2025-05-10 13:25:29.624,2025-05-10 13:25:29.626,FARTCOINUSDT,linear,Long,1.3407,1.3409,30.0,-0.03824641,20,3cda39f3-942b-44c5-94c4-3ec7aa181d97,Trade,Market,Sell,30,40.221,1.1987,1,40.227,,,
2025-05-10 13:24:59.157,2025-05-10 13:24:59.159,FARTCOINUSDT,linear,Short,1.3362,1.3375,30.0,-0.08311605,20,369de489-a8b2-43ae-ace6-60ccc45ce0b7,Trade,Market,Buy,30,40.086,1.4809,1,40.125,,,
2025-05-10 13:24:41.861,2025-05-10 13:24:41.862,FARTCOINUSDT,linear,Short,1.3371,1.3377,31.0,-0.06420535,20,a191f4d9-f53d-44fa-98b2-cec273f48441,Trade,Market,Buy,31,41.4501,1.4791,1,41.4687,,,
2025-05-10 13:24:27.607,2025-05-10 13:24:27.609,FARTCOINUSDT,linear,Short,1.3361,1.3359,33.0,-0.04189681,20,87c8662c-8ef7-4324-883a-9b59dd44a481,Trade,Market,Buy,33,44.0913,1.4707,1,44.0847,,,
2025-05-10 13:16:06.882,2025-05-10 13:16:06.884,FARTCOINUSDT,linear,Short,1.3393,1.339,18.0,-0.02111517,20,b79b4a52-b0d8-4009-9115-65fcc226dc02,Trade,Market,Buy,18,24.1074,1.5392,2,24.102,,,
2025-05-10 13:06:39.612,2025-05-10 13:06:39.614,FARTCOINUSDT,linear,Long,1.3426,1.344,20.0,-0.0015526,20,b77f0eb1-55dd-42aa-aa67-c4ff4e07942f,Trade,Market,Sell,20,26.852,1.1413,1,26.88,,,
2025-05-10 13:06:24.071,2025-05-10 13:06:24.073,FARTCOINUSDT,linear,Long,1.3432,1.3432,20.0,-0.0295504,20,25c66f18-8dc2-492d-9ba7-b3f4d4bd3829,Trade,Market,Sell,20,26.864,1.1418,1,26.864,,,
2025-05-10 13:05:23.541,2025-05-10 13:05:23.543,FARTCOINUSDT,linear,Long,1.3435,1.3415,28.0,-0.097349,20,c6a33278-cf67-4421-be62-ed1f346aa11f,Trade,Market,Sell,28,37.618,1.1791,1,37.562,,,
2025-05-10 12:58:16.776,2025-05-10 12:58:16.778,FARTCOINUSDT,linear,Long,1.332,1.332,49.0,-0.0717948,20,20c0fc97-d5e8-4740-bf9b-87cea11f4e07,Trade,Market,Sell,49,65.268,1.2372,1,65.268,,,
2025-05-10 12:52:09.440,2025-05-10 12:52:09.442,FARTCOINUSDT,linear,Long,1.3282,1.3281,24.0,-0.03746316,20,c8f562a6-cf47-492d-879c-b9c8fd94f7e3,Trade,Market,Sell,24,31.8768,1.1316,1,31.8744,,,
2025-05-10 12:51:52.009,2025-05-10 12:51:52.011,FARTCOINUSDT,linear,Long,1.3278,1.32817083,24.0,-0.02615882,20,c7321e29-98a6-4d8b-ad3f-ccf8287492d4,Trade,Market,Sell,24,31.8672,1.1301,3,31.8761,,,
2025-05-10 12:51:36.213,2025-05-10 12:51:36.215,FARTCOINUSDT,linear,Long,1.3285,1.3279,24.0,-0.04946448,20,e62a0772-d7ca-412b-888d-507d5e08cd2b,Trade,Market,Sell,24,31.884,1.129,1,31.8696,,,
2025-05-10 12:51:21.683,2025-05-10 12:51:21.685,FARTCOINUSDT,linear,Long,1.3286,1.3285,28.0,-0.04371934,20,a6a5ec59-c837-438c-9223-2a598eb1cb16,Trade,Market,Sell,28,37.2008,1.156,1,37.198,,,
2025-05-10 12:44:14.163,2025-05-10 12:44:14.165,FARTCOINUSDT,linear,Short,1.3197,1.3199,28.0,-0.04624984,20,1f0e890f-2c91-4f7d-8fbc-f7ccbda660f3,Trade,Market,Buy,28,36.9516,1.4938,1,36.9572,,,
2025-05-10 12:43:48.186,2025-05-10 12:43:48.188,FARTCOINUSDT,linear,Short,1.3197,1.3191,43.0,-0.03660763,20,f1051f17-d325-4cea-a30d-fc25f077223e,Trade,Market,Buy,43,56.7471,1.4334,1,56.7213,,,
2025-05-10 12:29:43.745,2025-05-10 12:29:43.747,FARTCOINUSDT,linear,Long,1.3337,1.3339,29.0,-0.03674823,20,01ee64aa-0448-46e2-9503-4743ea0cdf7e,Trade,Market,Sell,29,38.6773,1.163,1,38.6831,,,
2025-05-10 12:29:20.071,2025-05-10 12:29:20.073,FARTCOINUSDT,linear,Long,1.3325,1.3328,35.0,-0.04080703,20,7ff40e4a-0ed0-4165-a9dd-78e94549bfb0,Trade,Market,Sell,35,46.6375,1.1902,1,46.648,,,
2025-05-10 12:28:51.114,2025-05-10 12:28:51.116,FARTCOINUSDT,linear,Long,1.3336,1.3338,23.0,-0.02914261,20,d321cd8d-c9b7-42f7-9cfb-bfb08df11d21,Trade,Market,Sell,23,30.6728,1.1335,1,30.6774,,,
2025-05-10 12:28:32.517,2025-05-10 12:28:32.519,FARTCOINUSDT,linear,Long,1.332,1.3316,34.0,-0.06340932,20,af8cd6a9-4fa6-42af-afc7-d7d8e03ab753,Trade,Market,Sell,34,45.288,1.1827,1,45.2744,,,
2025-05-10 12:26:24.689,2025-05-10 12:26:24.690,FARTCOINUSDT,linear,Long,1.331,1.3312,35.0,-0.04424735,20,e0e0f6f3-fd0d-4a46-99ff-48ecf2a175da,Trade,Market,Sell,35,46.585,1.1847,1,46.592,,,
2025-05-10 12:24:48.749,2025-05-10 12:24:48.751,FARTCOINUSDT,linear,Long,1.3297,1.3295,28.0,-0.04655169,20,6cb04615-b18f-4995-91df-b930d5b93fc0,Trade,Market,Sell,28,37.2316,1.1448,2,37.226,,,
2025-05-10 12:24:20.188,2025-05-10 12:24:20.190,FARTCOINUSDT,linear,Long,1.3312,1.3308,36.0,-0.0671076,20,716674d9-5c68-442d-ab09-903e6196ad69,Trade,Market,Sell,36,47.9232,1.1859,1,47.9088,,,
2025-05-10 12:23:18.841,2025-05-10 12:23:18.843,FARTCOINUSDT,linear,Long,1.3334,1.3329,24.0,-0.04719516,20,f5bfe960-4a6b-41c1-939d-f3ebf860bffe,Trade,Market,Sell,24,32.0016,1.1328,1,31.9896,,,
2025-05-10 12:04:59.290,2025-05-10 12:04:59.292,FARTCOINUSDT,linear,Long,1.3265,1.325,23.0,-0.06804148,20,721ef845-6dfa-4020-8519-96c6b671fa79,Trade,Market,Sell,23,30.5095,1.1266,7,30.475,,,
2025-05-10 12:04:44.003,2025-05-10 12:04:44.005,FARTCOINUSDT,linear,Long,1.3272,1.3271,23.0,-0.0358769,20,4595eb49-3521-48c7-8e7b-264d2312ed03,Trade,Market,Sell,23,30.5256,1.1281,1,30.5233,,,
2025-05-10 12:04:29.493,2025-05-10 12:04:29.495,FARTCOINUSDT,linear,Long,1.3272,1.3269,23.0,-0.04047437,20,e5b132b6-3374-45fa-9c2b-1cd2893d31ea,Trade,Market,Sell,23,30.5256,1.128,1,30.5187,,,
2025-05-10 12:04:14.931,2025-05-10 12:04:14.933,FARTCOINUSDT,linear,Long,1.327,1.3273,23.0,-0.0266769,20,d95d27a9-d888-4a2c-b144-61b3c14b60e0,Trade,Market,Sell,23,30.521,1.1283,1,30.5279,,,
2025-05-10 12:01:57.388,2025-05-10 12:01:57.390,FARTCOINUSDT,linear,Long,1.3174,1.317,24.0,-0.04437408,20,1f715855-7d11-48c5-a5c8-5d68d49ab7a4,Trade,Market,Sell,24,31.6176,1.1192,1,31.608,,,
2025-05-10 12:01:29.269,2025-05-10 12:01:29.271,FARTCOINUSDT,linear,Long,1.3171,1.3168,26.0,-0.04546477,20,4b1447b8-f0a0-4daa-aca2-9f314363f3a5,Trade,Market,Sell,26,34.2446,1.1195,2,34.2368,,,
2025-05-10 12:01:12.910,2025-05-10 12:01:12.911,FARTCOINUSDT,linear,Long,1.3193,1.3192,37.0,-0.05739348,20,22bfaded-7508-41f9-9d58-6e357a1a010c,Trade,Market,Sell,37,48.8141,1.1681,1,48.8104,,,
2025-05-10 11:56:23.996,2025-05-10 11:56:23.998,FARTCOINUSDT,linear,Short,1.3099,1.3112,20.0,-0.0548321,20,1f84e2e8-c82b-496e-95e6-b5f613c6288a,Trade,Market,Buy,20,26.198,1.5076,1,26.224,,,
2025-05-10 11:55:42.885,2025-05-10 11:55:42.887,FARTCOINUSDT,linear,Short,1.3111,1.311,28.0,-0.03758034,20,55d71ac0-ccab-46bd-b599-80d8f69fb4f2,Trade,Market,Buy,28,36.7108,1.5075,1,36.708,,,
2025-05-10 11:55:19.804,2025-05-10 11:55:19.805,FARTCOINUSDT,linear,Short,1.3141,1.3137,43.0,-0.04494748,20,c1134c6d-eb5d-4e76-b346-06418851d6e1,Trade,Market,Buy,43,56.5063,1.4471,1,56.4891,,,
2025-05-10 11:40:02.828,2025-05-10 11:40:02.830,FARTCOINUSDT,linear,Short,1.3193,1.3187,14.0,-0.01191261,20,11b748d7-659f-4a95-8e6a-5e782feab512,Trade,Market,Buy,14,18.4702,1.5165,1,18.4618,,,
2025-05-10 11:39:47.227,2025-05-10 11:39:47.229,FARTCOINUSDT,linear,Short,1.3182,1.3184,14.0,-0.02310182,20,67dd61bd-3e15-40f0-ab82-9b431c23e9ee,Trade,Market,Buy,14,18.4548,1.5154,1,18.4576,,,
2025-05-10 11:39:32.189,2025-05-10 11:39:32.191,FARTCOINUSDT,linear,Short,1.3157,1.3169,14.0,-0.03707102,20,a95c6418-93ac-49da-8ea3-6efaa2561acc,Trade,Market,Buy,14,18.4198,1.5137,1,18.4366,,,
2025-05-10 11:39:17.244,2025-05-10 11:39:17.246,FARTCOINUSDT,linear,Short,1.31971081,1.3208,37.0,-0.0940344,20,b3b0cee5-1f67-49ba-9212-b0f84d060ee6,Trade,Market,Buy,37,48.8293,1.479,3,48.8696,,,
2025-05-10 11:35:05.252,2025-05-10 11:35:05.254,FARTCOINUSDT,linear,Short,1.3226,1.3225,22.0,-0.02980571,20,75e622ab-bed1-4445-85b6-e0ca31f2c231,Trade,Market,Buy,22,29.0972,1.5203,1,29.095,,,
2025-05-10 11:34:50.424,2025-05-10 11:34:50.426,FARTCOINUSDT,linear,Short,1.3227,1.3228,31.0,-0.04820578,20,dc2616d5-ecbf-45dc-8708-a7848f588d97,Trade,Market,Buy,31,41.0037,1.5156,1,41.0068,,,
2025-05-10 11:34:36.218,2025-05-10 11:34:36.220,FARTCOINUSDT,linear,Short,1.3237,1.3231,31.0,-0.02652795,20,add214dd-f9b1-4b6f-84c9-670ebb7d5c55,Trade,Market,Buy,31,41.0347,1.5175,1,41.0161,,,
2025-05-10 11:34:22.858,2025-05-10 11:34:22.860,FARTCOINUSDT,linear,Short,1.3227,1.3242,32.0,-0.09458544,20,41935cb2-8d7d-42dd-a4a0-0aa3ef5014f4,Trade,Market,Buy,32,42.3264,1.5133,1,42.3744,,,
2025-05-10 11:32:47.915,2025-05-10 11:32:47.917,FARTCOINUSDT,linear,Short,1.3247,1.3256,24.0,-0.05658396,20,83a63829-f093-4a92-a481-b18ace5d5c7f,Trade,Market,Buy,24,31.7928,1.5235,1,31.8144,,,
2025-05-10 11:32:31.630,2025-05-10 11:32:31.631,FARTCOINUSDT,linear,Short,1.3233,1.3231,26.0,-0.03264352,20,7d22ed84-3f32-466d-8ea5-248f6552f42b,Trade,Market,Buy,26,34.4058,1.5215,1,34.4006,,,
2025-05-10 11:32:18.876,2025-05-10 11:32:18.878,FARTCOINUSDT,linear,Short,1.3258,1.3256,28.0,-0.03523156,20,40954975-4b2d-4268-95b4-23a4336dcf5c,Trade,Market,Buy,28,37.1224,1.5234,3,37.1168,,,
2025-05-10 11:21:07.564,2025-05-10 11:21:07.566,FARTCOINUSDT,linear,Short,1.3306,1.3307,27.0,-0.04222031,20,1ae43c75-d9c5-465c-b2ec-2d69e6d0bd52,Trade,Market,Buy,27,35.9262,1.5301,1,35.9289,,,
2025-05-10 11:19:20.769,2025-05-10 11:19:20.771,FARTCOINUSDT,linear,Short,1.3312,1.3328,43.0,-0.1318036,20,0252d5d9-215a-451d-b3fb-168f25e28b20,Trade,Market,Buy,43,57.2416,1.4796,3,57.3104,,,
2025-05-10 11:01:48.337,2025-05-10 11:01:48.340,FARTCOINUSDT,linear,Short,1.3416,1.3399,8.0,0.0018014,20,683669ef-0301-4c97-82ac-5725a611d3f4,Trade,Market,Buy,8,10.7328,1.5424,1,10.7192,,,
2025-05-10 11:01:32.540,2025-05-10 11:01:32.541,FARTCOINUSDT,linear,Short,1.341,1.3405,8.0,-0.0077986,20,e5cf5392-07c8-483d-842b-fb814e4ae73b,Trade,Market,Buy,8,10.728,1.5413,1,10.724,,,
2025-05-10 11:01:19.437,2025-05-10 11:01:19.440,FARTCOINUSDT,linear,Short,1.3404,1.3395,8.0,-0.00459156,20,60408f40-23c0-4e99-8758-d841f13577e4,Trade,Market,Buy,8,10.7232,1.5399,1,10.716,,,
2025-05-10 10:53:01.978,2025-05-10 10:53:01.980,FARTCOINUSDT,linear,Short,1.3498,1.3501,8.0,-0.01427956,20,6a0260ed-fe24-4c5e-a9a4-7aeeb4961763,Trade,Market,Buy,8,10.7984,1.5523,1,10.8008,,,
2025-05-10 10:48:06.753,2025-05-10 10:48:06.755,FARTCOINUSDT,linear,Short,1.3454,1.3454,8.0,-0.01183952,20,06587a09-7b19-459a-a9cc-cf9c1b70f7cb,Trade,Market,Buy,8,10.7632,1.547,1,10.7632,,,
2025-05-10 10:47:51.913,2025-05-10 10:47:51.915,FARTCOINUSDT,linear,Short,1.3475,1.347,9.0,-0.00883778,20,d1f5d0dd-1023-4bcc-bc64-57c4334adac7,Trade,Market,Buy,9,12.1275,1.5493,1,12.123,,,
2025-05-10 10:47:34.452,2025-05-10 10:47:34.454,FARTCOINUSDT,linear,Short,1.348,1.3485,9.0,-0.01784768,20,eebb9dcd-8e94-41c6-97e3-5163a4dabc6b,Trade,Market,Buy,9,12.132,1.551,1,12.1365,,,
2025-05-10 10:41:27.970,2025-05-10 10:41:27.972,FARTCOINUSDT,linear,Short,1.3534,1.3526,8.0,-0.0055064,20,75d2ac64-786f-4f3d-ad41-1c55ccbac35a,Trade,Market,Buy,8,10.8272,1.5542,1,10.8208,,,
2025-05-10 10:36:06.633,2025-05-10 10:36:06.635,FARTCOINUSDT,linear,Short,1.3592,1.3594,10.0,-0.0169523,20,281ec80f-9ef6-4819-a29f-a76fa31f2552,Trade,Market,Buy,10,13.592,1.5631,1,13.594,,,
2025-05-10 10:35:50.423,2025-05-10 10:35:50.425,FARTCOINUSDT,linear,Short,1.3605,1.3601,10.0,-0.0109633,20,4dad081a-6c4f-4539-8c34-2e6af4d0adb1,Trade,Market,Buy,10,13.605,1.564,1,13.601,,,
2025-05-10 10:35:37.747,2025-05-10 10:35:37.750,FARTCOINUSDT,linear,Short,1.3611,1.361,11.0,-0.01536871,20,dcb99946-cd05-4c6c-88f5-54570c495161,Trade,Market,Buy,11,14.9721,1.5649,1,14.971,,,
2025-05-10 10:35:22.309,2025-05-10 10:35:22.311,FARTCOINUSDT,linear,Short,1.3639,1.3621,11.0,0.00330769,20,94221809-8e53-403c-a4f2-34cdc17e5c30,Trade,Market,Buy,11,15.0029,1.5664,1,14.9831,,,
2025-05-10 10:19:07.080,2025-05-10 10:19:07.082,FARTCOINUSDT,linear,Long,1.3765,1.377,12.0,-0.0121731,20,fc4d2e17-15e3-4086-abb9-3f3f247ba5a4,Trade,Market,Sell,12,16.518,1.1696,1,16.524,,,
2025-05-10 10:18:53.323,2025-05-10 10:18:53.324,FARTCOINUSDT,linear,Long,1.3723,1.3747,13.0,0.01155894,20,dc1ec622-12f7-4b2a-95e7-5e54dde171e2,Trade,Market,Sell,13,17.8399,1.167,1,17.8711,,,
2025-05-10 10:18:39.755,2025-05-10 10:18:39.757,FARTCOINUSDT,linear,Long,1.374,1.374,13.0,-0.0196482,20,1bf42510-8564-4eea-8e20-bfd8fb2b4a33,Trade,Market,Sell,13,17.862,1.1674,1,17.862,,,
2025-05-10 10:17:02.481,2025-05-10 10:17:02.483,FARTCOINUSDT,linear,Long,1.3688,1.3705,13.0,0.002514,20,5681c463-8d85-47ac-9ab7-572928478c37,Trade,Market,Sell,13,17.7944,1.1638,1,17.8165,,,
2025-05-10 10:16:48.139,2025-05-10 10:16:48.141,FARTCOINUSDT,linear,Long,1.3716,1.3707,14.0,-0.03371571,20,804430a0-1475-4d1d-9be7-39c9aabdd0d1,Trade,Market,Sell,14,19.2024,1.1651,1,19.1898,,,
2025-05-10 04:40:53.223,2025-05-10 05:02:45.205,TRUMPUSDT,linear,Short,14.128,14.232,2.9,-0.3468342,25,3d324aa4-26ba-4f06-889c-b1d14081909b,Trade,Market,Buy,2.9,40.9712,14.892,2,41.2728,,,
2025-05-09 23:59:47.045,2025-05-09 23:59:47.046,TRUMPUSDT,linear,Long,14.249,14.275,0.2,0.00206236,20,bd289551-b299-45fe-a483-074b832752a0,Trade,Market,Sell,0.2,2.8498,13.563,1,2.855,,,
2025-05-09 23:53:07.833,2025-05-09 23:53:07.834,TRUMPUSDT,linear,Long,14.567,14.194,0.3,-0.11686009,20,52501c01-3b7f-49e6-91a1-b3c19f82c406,Trade,Market,Sell,0.3,4.3701,13.486,1,4.2582,,,
2025-05-10 23:41:51.261,2025-05-10 23:41:51.263,FARTCOINUSDT,linear,Long,1.4284,1.4297,1.0,-0.00027196,25,773e52e1-1c6f-4889-83cc-4dee656b8ef6,Trade,Market,Sell,1,1.4284,1.2136,1,1.4297,,,
2025-05-10 23:41:24.854,2025-05-10 23:41:24.856,FARTCOINUSDT,linear,Long,1.4285,1.4274,1.0,-0.00267075,25,0378c598-c8d0-40bd-a0a2-c639dbc7e4c7,Trade,Market,Sell,1,1.4285,1.2136,1,1.4274,,,
2025-05-10 23:40:59.973,2025-05-10 23:40:59.974,FARTCOINUSDT,linear,Long,1.4265,1.426,1.0,-0.00206888,25,add7914f-86a1-412f-bde8-d2b3309318d1,Trade,Market,Sell,1,1.4265,1.2111,1,1.426,,,
2025-05-10 23:40:46.600,2025-05-10 23:40:46.601,FARTCOINUSDT,linear,Long,1.4306,1.431,1.0,-0.00117388,25,606f9174-36e9-40a0-aa25-38352f84b38e,Trade,Market,Sell,1,1.4306,1.2162,1,1.431,,,
2025-05-10 23:40:33.683,2025-05-10 23:40:33.684,FARTCOINUSDT,linear,Long,1.4322,1.4308,1.0,-0.00297465,25,d3500355-e31e-465c-87c3-d0884f431f6f,Trade,Market,Sell,1,1.4322,1.2161,1,1.4308,,,
2025-05-10 23:40:18.938,2025-05-10 23:40:18.940,FARTCOINUSDT,linear,Long,1.4323,1.4321,1.0,-0.00177543,25,2822ecc0-47de-4606-976e-bdf4987d4877,Trade,Market,Sell,1,1.4323,1.2175,1,1.4321,,,
2025-05-10 23:40:05.112,2025-05-10 23:40:05.113,FARTCOINUSDT,linear,Long,1.435,1.4334,1.0,-0.00317762,25,257a5e28-dbf9-44c5-a6df-09f185041a19,Trade,Market,Sell,1,1.435,1.2188,1,1.4334,,,
2025-05-10 23:39:52.521,2025-05-10 23:39:52.523,FARTCOINUSDT,linear,Long,1.4343,1.4348,1.0,-0.00107801,25,2bd7c3e1-fd11-4567-b7ad-1832d856bb6d,Trade,Market,Sell,1,1.4343,1.218,1,1.4348,,,
2025-05-10 23:39:39.653,2025-05-10 23:39:39.655,FARTCOINUSDT,linear,Long,1.4321,1.4322,1.0,-0.00147537,25,700c5879-6aeb-40b6-b36e-59377d778526,Trade,Market,Sell,1,1.4321,1.217,1,1.4322,,,
2025-05-10 23:39:27.041,2025-05-10 23:39:27.043,FARTCOINUSDT,linear,Long,1.4337,1.433,1.0,-0.00227669,25,fb5ea8b3-25ec-4517-b512-8e5f26321c7f,Trade,Market,Sell,1,1.4337,1.218,1,1.433,,,
2025-05-10 23:39:14.685,2025-05-10 23:39:14.687,FARTCOINUSDT,linear,Long,1.4347,1.4343,1.0,-0.00197796,25,39edb5ad-0939-458b-868d-5092b3ce0f22,Trade,Market,Sell,1,1.4347,1.2188,1,1.4343,,,
2025-05-10 23:38:59.951,2025-05-10 23:38:59.953,FARTCOINUSDT,linear,Long,1.4327,1.4296,1.0,-0.00467427,25,a90e2a54-fccd-47bf-a7a1-e917960cdf7b,Trade,Market,Sell,1,1.4327,1.2161,1,1.4296,,,
2025-05-10 23:38:45.303,2025-05-10 23:38:45.305,FARTCOINUSDT,linear,Long,1.4308,1.4324,1.0,2.524e-05,25,89db48ea-cb05-4d89-86b1-3dfdd274dda0,Trade,Market,Sell,1,1.4308,1.2169,1,1.4324,,,
2025-05-10 23:38:33.013,2025-05-10 23:38:33.015,FARTCOINUSDT,linear,Long,1.4291,1.4288,1.0,-0.00187185,25,bb9a7c33-e18d-4900-b873-bbb3aba3d3d3,Trade,Market,Sell,1,1.4291,1.2143,1,1.4288,,,
2025-05-10 23:38:19.967,2025-05-10 23:38:19.969,FARTCOINUSDT,linear,Long,1.4288,1.4303,1.0,-7.251e-05,25,47eb0eb0-1cb2-473a-88ec-820edb34f89b,Trade,Market,Sell,1,1.4288,1.2158,1,1.4303,,,
2025-05-10 23:37:47.630,2025-05-10 23:37:47.632,FARTCOINUSDT,linear,Long,1.4291,1.4275,1.0,-0.00317114,25,176e4f82-1920-4bc3-ae8a-42af1b54010b,Trade,Market,Sell,1,1.4291,1.2138,1,1.4275,,,
2025-05-10 23:37:35.095,2025-05-10 23:37:35.096,FARTCOINUSDT,linear,Long,1.4274,1.4268,1.0,-0.00216981,25,3819593d-e805-4bea-9279-73fd6d22a88a,Trade,Market,Sell,1,1.4274,1.2118,1,1.4268,,,
2025-05-10 23:37:18.712,2025-05-10 23:37:18.714,FARTCOINUSDT,linear,Long,1.4246,1.4258,1.0,-0.00036772,25,384120a3-ff7d-432f-b3f2-06a6d18e3108,Trade,Market,Sell,1,1.4246,1.211,1,1.4258,,,
2025-05-10 23:36:52.854,2025-05-10 23:36:52.855,FARTCOINUSDT,linear,Long,1.4229,1.4231,1.0,-0.00136531,25,6f60f4c2-7779-4e69-a2da-9d2a2ae10349,Trade,Market,Sell,1,1.4229,1.2093,1,1.4231,,,
2025-05-10 23:36:40.247,2025-05-10 23:36:40.249,FARTCOINUSDT,linear,Long,1.4224,1.4233,1.0,-0.00066514,25,0ab46ffd-0f38-43ae-9237-f370338e9bca,Trade,Market,Sell,1,1.4224,1.2094,1,1.4233,,,
2025-05-10 23:36:27.670,2025-05-10 23:36:27.672,FARTCOINUSDT,linear,Long,1.4222,1.4202,1.0,-0.00356332,25,aec7378a-3419-45ea-87d4-20711cc9fd29,Trade,Market,Sell,1,1.4222,1.2079,1,1.4202,,,
2025-05-10 23:30:05.339,2025-05-10 23:30:05.341,FARTCOINUSDT,linear,Long,1.4193,1.4208,1.0,-6.206e-05,25,7f883178-9a0a-4e40-81c5-a74ff043085f,Trade,Market,Sell,1,1.4193,1.207,1,1.4208,,,
2025-05-10 23:29:51.880,2025-05-10 23:29:51.881,FARTCOINUSDT,linear,Long,1.4184,1.4192,1.0,-0.00076068,25,3cd04d2a-20d2-495f-ac39-2f57c96739e0,Trade,Market,Sell,1,1.4184,1.2056,1,1.4192,,,
2025-05-10 23:29:35.190,2025-05-10 23:29:35.192,FARTCOINUSDT,linear,Long,1.4197,1.4189,1.0,-0.00236124,25,d87428ad-c713-4a1a-ba7c-d0ac719ab918,Trade,Market,Sell,1,1.4197,1.206,1,1.4189,,,
2025-05-10 23:29:18.470,2025-05-10 23:29:18.472,FARTCOINUSDT,linear,Long,1.4237,1.4228,1.0,-0.00246558,25,2bb73999-8995-4486-8595-41c81d900291,Trade,Market,Sell,1,1.4237,1.2085,1,1.4228,,,
2025-05-10 23:28:59.583,2025-05-10 23:28:59.585,FARTCOINUSDT,linear,Long,1.422,1.4215,1.0,-0.00206393,25,ddc904ed-fa6f-4a58-8550-426976daf10b,Trade,Market,Sell,1,1.422,1.2077,1,1.4215,,,
2025-05-10 23:28:44.286,2025-05-10 23:28:44.288,FARTCOINUSDT,linear,Long,1.4189,1.4201,1.0,-0.00036146,25,b4e26818-3dfc-41fb-9ce6-e3fd94597d9a,Trade,Market,Sell,1,1.4189,1.2067,1,1.4201,,,
2025-05-10 23:28:29.274,2025-05-10 23:28:29.276,FARTCOINUSDT,linear,Long,1.4203,1.4196,1.0,-0.00226195,25,846bb940-821c-47e1-8f3d-bcd4071cce08,Trade,Market,Sell,1,1.4203,1.2067,1,1.4196,,,
2025-05-10 23:28:13.005,2025-05-10 23:28:13.007,FARTCOINUSDT,linear,Long,1.4214,1.4212,1.0,-0.00176343,25,2f11c749-111b-474b-8463-89b0574d24ab,Trade,Market,Sell,1,1.4214,1.2081,1,1.4212,,,
2025-05-10 23:27:56.557,2025-05-10 23:27:56.560,FARTCOINUSDT,linear,Long,1.4213,1.4197,1.0,-0.00316256,25,1aa36be1-2e2e-48bc-9dcc-fd5bfde34359,Trade,Market,Sell,1,1.4213,1.207,1,1.4197,,,
2025-05-10 23:27:41.450,2025-05-10 23:27:41.452,FARTCOINUSDT,linear,Long,1.4182,1.4203,1.0,0.00053882,25,f2ce4899-541c-443c-a419-0aaf6e84cd7b,Trade,Market,Sell,1,1.4182,1.206,1,1.4203,,,
2025-05-10 23:27:26.204,2025-05-10 23:27:26.205,FARTCOINUSDT,linear,Long,1.4145,1.4178,1.0,0.00174223,25,ae36a33b-b6a7-429f-aedd-5950dfbe7414,Trade,Market,Sell,1,1.4145,1.204,1,1.4178,,,
2025-05-10 23:27:12.430,2025-05-10 23:27:12.432,FARTCOINUSDT,linear,Long,1.4154,1.414,1.0,-0.00295617,25,e4b2e453-e9e1-4a8f-8e8a-040a5faf527b,Trade,Market,Sell,1,1.4154,1.2014,1,1.414,,,
2025-05-10 23:03:08.686,2025-05-10 23:03:08.689,FARTCOINUSDT,linear,Long,1.3651,1.3627,2.0,-0.00780058,25,5895e518-6929-4312-9ab4-61f813c279f3,Trade,Market,Sell,2,2.7302,1.1584,1,2.7254,,,
2025-05-10 23:02:42.400,2025-05-10 23:02:42.402,FARTCOINUSDT,linear,Long,1.3655,1.3659,2.0,-0.00220454,25,fd7f2e5a-cdc8-4a64-8a10-963f9b2f8fd7,Trade,Market,Sell,2,2.731,1.1611,1,2.7318,,,
2025-05-10 23:02:26.262,2025-05-10 23:02:26.264,FARTCOINUSDT,linear,Long,1.3655,1.3657,2.0,-0.00260432,25,5b5c8013-74f0-4fc5-b0f4-cf0d59649e45,Trade,Market,Sell,2,2.731,1.1604,1,2.7314,,,
2025-05-10 23:02:07.387,2025-05-10 23:02:07.389,FARTCOINUSDT,linear,Long,1.3632,1.364,2.0,-0.00139992,25,3c3e02f4-6cea-4787-b05f-3198f1518c0a,Trade,Market,Sell,2,2.7264,1.1585,1,2.728,,,
2025-05-10 23:01:54.060,2025-05-10 23:01:54.062,FARTCOINUSDT,linear,Long,1.3614,1.3623,2.0,-0.00119607,25,509b6ae0-ee84-4d59-98f4-0e895ac42b51,Trade,Market,Sell,2,2.7228,1.1572,1,2.7246,,,
2025-05-10 23:01:41.220,2025-05-10 23:01:41.222,FARTCOINUSDT,linear,Long,1.3607,1.3606,2.0,-0.00319343,25,b88840ca-d70d-4174-a86e-a72bcf5bcfb5,Trade,Market,Sell,2,2.7214,1.1564,1,2.7212,,,
2025-05-10 23:01:27.535,2025-05-10 23:01:27.537,FARTCOINUSDT,linear,Long,1.3615,1.3606,2.0,-0.00479431,25,a125a402-5896-44e1-b0c5-64469cbc96b9,Trade,Market,Sell,2,2.723,1.1562,1,2.7212,,,
2025-05-10 23:01:13.067,2025-05-10 23:01:13.069,FARTCOINUSDT,linear,Long,1.3608,1.3607,2.0,-0.00319365,25,b4bb81ed-cbab-4e48-8600-005cf0c16b53,Trade,Market,Sell,2,2.7216,1.1558,1,2.7214,,,
2025-05-10 23:00:53.546,2025-05-10 23:00:53.548,FARTCOINUSDT,linear,Long,1.3594,1.3593,2.0,-0.00319057,25,23280a38-1af1-4f06-8ff9-90827b4396d0,Trade,Market,Sell,2,2.7188,1.1553,1,2.7186,,,
2025-05-10 23:00:40.566,2025-05-10 23:00:40.568,FARTCOINUSDT,linear,Long,1.3588,1.3592,2.0,-0.0021898,25,33cf1039-9e13-48bf-a375-e4621c26173b,Trade,Market,Sell,2,2.7176,1.1548,1,2.7184,,,
2025-05-10 23:00:26.781,2025-05-10 23:00:26.782,FARTCOINUSDT,linear,Long,1.3588,1.3592,2.0,-0.0021898,25,3c032143-736c-44ae-8d9d-bff437f9c6f3,Trade,Market,Sell,2,2.7176,1.1543,1,2.7184,,,
2025-05-10 23:00:13.115,2025-05-10 23:00:13.117,FARTCOINUSDT,linear,Long,1.3572,1.3583,2.0,-0.00078705,25,fb129540-60ae-46dd-9b68-7714b746697f,Trade,Market,Sell,2,2.7144,1.1541,1,2.7166,,,
2025-05-10 22:59:00.065,2025-05-10 22:59:00.066,FARTCOINUSDT,linear,Long,1.3563,1.356,2.0,-0.00358353,25,e4cf71b1-998d-447a-8972-cf503c918a3d,Trade,Market,Sell,2,2.7126,1.1526,1,2.712,,,
2025-05-10 22:57:40.819,2025-05-10 22:57:40.821,FARTCOINUSDT,linear,Long,1.3531,1.3536,2.0,-0.00197737,25,fcb7ced0-637c-4dfb-b5ea-bf8f4005aaec,Trade,Market,Sell,2,2.7062,1.1504,1,2.7072,,,
