TimestampUTC,Symbol,Action,Side,Quantity,AvgPrice,OrderID,Reason,Notes
2025-05-11 10:17:41,BCH/USDT:USDT,EXIT,SHORT,0.06,NaN,0e47babb-e92d-4be7-aec8-8b8ed9564037,EmergencyClose:FailedInitialStopSet,
2025-05-11 10:17:56,BCH/USDT:USDT,EXIT,SHORT,0.06,NaN,ea0624bd-6f1c-4537-a180-5cb97726cb62,EmergencyClose:FailedInitialStopSet,
2025-05-11 10:18:11,BCH/USDT:USDT,EXIT,SHORT,0.06,NaN,9c63a5d2-0f7e-4189-8aa6-d31e78a0de76,EmergencyClose:FailedInitialStopSet,
2025-05-11 10:46:24,BCH/USDT:USDT,EXIT,SHORT,0.09,NaN,eb11549b-c975-4429-b3ec-002c5785fa71,EmergencyClose:FailedInitialStopSet,
2025-05-11 12:17:44,BCH/USDT:USDT,EXIT,SHORT,0.09,NaN,f9bef26b-29c3-4209-9e14-0e275b233b6e,EmergencyClose:FailedInitialStopSet,
2025-05-11 12:18:02,BCH/USDT:USDT,EXIT,SHORT,0.09,NaN,d5f353cc-f8f9-475b-93e3-9d87422f0372,EmergencyClose:FailedInitialStopSet,
2025-05-11 12:33:09,BCH/USDT:USDT,EXIT,SHORT,0.09,NaN,dc0ca907-a8a0-45dc-b00f-1c64188fcc0c,EmergencyClose:FailedInitialStopSet,
2025-05-11 12:41:57,BCH/USDT:USDT,EXIT,SHORT,0.07,NaN,2b557610-015e-4ccf-b78d-9eb01edd6e6c,EmergencyClose:FailedInitialStopSet,
2025-05-11 12:42:15,BCH/USDT:USDT,EXIT,SHORT,0.07,NaN,7c64cfc9-1989-4f0f-89b1-e3125bd5865a,EmergencyClose:FailedInitialStopSet,
2025-05-11 12:54:02,BCH/USDT:USDT,EXIT,SHORT,0.06,NaN,6efdd93c-9aa6-45d0-bd0a-fbe9b01c1b52,EmergencyClose:FailedInitialStopSet,
2025-05-11 13:17:41,BCH/USDT:USDT,EXIT,SHORT,0.09,NaN,0b8ec074-182e-4118-998c-04e3d49af6ad,EmergencyClose:FailedInitialStopSet,
2025-05-11 13:17:57,BCH/USDT:USDT,EXIT,SHORT,0.08,NaN,19ae53ad-08ad-4d8e-97e9-6f8ec58899d6,EmergencyClose:FailedInitialStopSet,
2025-05-11 13:18:13,BCH/USDT:USDT,EXIT,SHORT,0.08,NaN,7b8362c2-a078-48d6-b5d7-f064b0312b4e,EmergencyClose:FailedInitialStopSet,
2025-05-11 13:27:55,BCH/USDT:USDT,EXIT,SHORT,0.07,NaN,f2b2ff6a-ab66-4787-8a73-fdc29b77c27b,EmergencyClose:FailedInitialStopSet,
2025-05-11 13:28:19,BCH/USDT:USDT,EXIT,SHORT,0.06,NaN,40d347f8-cae7-4b1d-b4af-592359422bd3,EmergencyClose:FailedInitialStopSet,
2025-05-11 13:28:39,BCH/USDT:USDT,EXIT,SHORT,0.06,NaN,6085b400-7bf8-466c-bc7e-3c8426a7c9f2,EmergencyClose:FailedInitialStopSet,
2025-05-11 13:28:56,BCH/USDT:USDT,EXIT,SHORT,0.06,NaN,79305ae0-bb0b-4d58-8515-6d1799c3ba7f,EmergencyClose:FailedInitialStopSet,
2025-05-11 13:29:13,BCH/USDT:USDT,EXIT,SHORT,0.06,NaN,aa024dc6-08ac-4de2-a9ad-049f7c11e224,EmergencyClose:FailedInitialStopSet,
2025-05-11 13:29:31,BCH/USDT:USDT,EXIT,SHORT,0.06,NaN,ddb660ed-ab28-407b-9e92-7557cc01530e,EmergencyClose:FailedInitialStopSet,
2025-05-11 13:29:57,BCH/USDT:USDT,EXIT,SHORT,0.06,NaN,4da9ea18-b780-4730-a325-66d63d8afeac,EmergencyClose:FailedInitialStopSet,
2025-05-11 13:30:13,BCH/USDT:USDT,EXIT,SHORT,0.06,NaN,5aaee265-ce0f-4d48-a074-e2de6ff5ca4b,EmergencyClose:FailedInitialStopSet,
2025-05-11 13:30:40,BCH/USDT:USDT,EXIT,SHORT,0.05,NaN,23072287-d182-4d12-9203-ffe0d8c77dea,EmergencyClose:FailedInitialStopSet,
2025-05-11 13:30:55,BCH/USDT:USDT,EXIT,SHORT,0.05,NaN,82f3a4c5-0a93-4a11-a66c-4ee64d5c375a,EmergencyClose:FailedInitialStopSet,
2025-05-11 13:31:12,BCH/USDT:USDT,EXIT,SHORT,0.05,NaN,b1451a31-ff42-465c-9fe7-ce985b95e2ba,EmergencyClose:FailedInitialStopSet,
2025-05-11 13:31:40,BCH/USDT:USDT,EXIT,SHORT,0.05,NaN,686ca8b6-30d9-485f-92eb-4a2c118f2ae4,EmergencyClose:FailedInitialStopSet,
2025-05-11 13:31:58,BCH/USDT:USDT,EXIT,SHORT,0.05,NaN,9e4382a4-459f-4bfb-85f2-ec93ae39b1cd,EmergencyClose:FailedInitialStopSet,
2025-05-11 13:32:16,BCH/USDT:USDT,EXIT,SHORT,0.05,NaN,7ebe7421-c8e9-49ee-895d-dc61a379818f,EmergencyClose:FailedInitialStopSet,
2025-05-11 13:32:35,BCH/USDT:USDT,EXIT,SHORT,0.05,NaN,d17924e4-97dc-41ec-a962-8d15841d5b36,EmergencyClose:FailedInitialStopSet,
2025-05-11 13:32:52,BCH/USDT:USDT,EXIT,SHORT,0.05,NaN,920de813-d20c-464c-9988-b2ca1983c388,EmergencyClose:FailedInitialStopSet,
2025-05-11 13:33:09,BCH/USDT:USDT,EXIT,SHORT,0.04,NaN,fdad1bc0-a73c-45e1-882e-cea6c171b870,EmergencyClose:FailedInitialStopSet,
2025-05-11 13:42:46,BCH/USDT:USDT,EXIT,SHORT,0.04,NaN,f5362fe8-bbf8-4e37-b3a0-82becc6e5359,EmergencyClose:FailedInitialStopSet,
2025-05-11 13:43:02,BCH/USDT:USDT,EXIT,SHORT,0.04,NaN,ba348686-7c72-4bec-990d-9e1505a264fa,EmergencyClose:FailedInitialStopSet,
2025-05-11 13:43:21,BCH/USDT:USDT,EXIT,SHORT,0.04,NaN,d1cb9669-b30e-4ac1-afba-00874b74fe3d,EmergencyClose:FailedInitialStopSet,
2025-05-11 13:43:40,BCH/USDT:USDT,EXIT,SHORT,0.04,NaN,00e8c3b1-8808-4469-855c-28500435b4a8,EmergencyClose:FailedInitialStopSet,
2025-05-11 13:43:58,BCH/USDT:USDT,EXIT,SHORT,0.04,NaN,d7fa52af-bd58-4fb0-8ce3-618568fe7412,EmergencyClose:FailedInitialStopSet,
2025-05-11 13:44:14,BCH/USDT:USDT,EXIT,SHORT,0.04,NaN,e909d372-e6d9-4d5e-8649-98e203d7a044,EmergencyClose:FailedInitialStopSet,
2025-05-11 13:44:32,BCH/USDT:USDT,EXIT,SHORT,0.04,NaN,493d49b4-147b-4e7b-a695-c2246d8a2ecb,EmergencyClose:FailedInitialStopSet,
2025-05-11 13:56:27,BCH/USDT:USDT,EXIT,SHORT,0.03,NaN,77c3c99c-c462-446d-8a13-c1a26e3b8082,EmergencyClose:FailedInitialStopSet,
2025-05-11 13:56:42,BCH/USDT:USDT,EXIT,SHORT,0.03,NaN,b4911bf4-d312-4f95-bd15-1f9550e8b03d,EmergencyClose:FailedInitialStopSet,
2025-05-11 13:56:58,BCH/USDT:USDT,EXIT,SHORT,0.03,NaN,af96a07d-d721-4d44-bfd7-52fef868a9c9,EmergencyClose:FailedInitialStopSet,
2025-05-11 13:57:13,BCH/USDT:USDT,EXIT,SHORT,0.03,NaN,c7f7fd89-d217-4085-b271-4817556820ad,EmergencyClose:FailedInitialStopSet,
2025-05-11 13:59:41,BCH/USDT:USDT,EXIT,SHORT,0.03,NaN,f24434c3-80c6-4222-aa00-8739ad596a32,EmergencyClose:FailedInitialStopSet,
2025-05-11 13:59:57,BCH/USDT:USDT,EXIT,SHORT,0.03,NaN,82c1a918-715d-4a15-b0cd-5381882d5711,EmergencyClose:FailedInitialStopSet,
2025-05-11 14:00:13,BCH/USDT:USDT,EXIT,SHORT,0.03,NaN,206ee366-5648-4922-85f5-4b9025f21e57,EmergencyClose:FailedInitialStopSet,
2025-05-11 14:00:29,BCH/USDT:USDT,EXIT,SHORT,0.04,NaN,196add64-d709-4cd7-b8a1-e895e61d109b,EmergencyClose:FailedInitialStopSet,
2025-05-11 14:11:27,BCH/USDT:USDT,EXIT,SHORT,0.04,NaN,76dc286a-637c-4ee2-99e4-84daf5101016,EmergencyClose:FailedInitialStopSet,
2025-05-11 14:11:44,BCH/USDT:USDT,EXIT,SHORT,0.04,NaN,539b4f44-8994-4494-9799-ac0d05e6d342,EmergencyClose:FailedInitialStopSet,
